{"cameraMode":{"drawMode":0,"name":"Shaded","section":"Shading Mode"},"sceneLighting":false,"audioPlay":false,"sceneViewState":{"m_AlwaysRefresh":false,"showFog":true,"showSkybox":false,"showFlares":true,"showImageEffects":true,"showParticleSystems":true,"showVisualEffectGraphs":true,"m_FxEnabled":true},"in2DMode":false,"pivot":{"x":-0.20501992106437684,"y":-2.2579596042633058,"z":44.98750686645508},"rotation":{"x":0.1910240650177002,"y":-0.03239044174551964,"z":0.006305983755737543,"w":0.9810371994972229},"size":4.015622615814209,"orthographic":false}