{"cameraMode":{"drawMode":0,"name":"Shaded","section":"Shading Mode"},"sceneLighting":false,"audioPlay":false,"sceneViewState":{"m_AlwaysRefresh":false,"showFog":true,"showSkybox":false,"showFlares":true,"showImageEffects":true,"showParticleSystems":true,"showVisualEffectGraphs":true,"m_FxEnabled":true},"in2DMode":false,"pivot":{"x":0.04572650417685509,"y":0.38018953800201418,"z":4.82877779006958},"rotation":{"x":-0.32612544298171999,"y":0.07560913264751435,"z":-0.026179376989603044,"w":-0.9419435858726502},"size":0.5020098686218262,"orthographic":false}