{"cameraMode":{"drawMode":0,"name":"Shaded","section":"Shading Mode"},"sceneLighting":false,"audioPlay":false,"sceneViewState":{"m_AlwaysRefresh":false,"showFog":true,"showSkybox":false,"showFlares":true,"showImageEffects":true,"showParticleSystems":true,"showVisualEffectGraphs":true,"m_FxEnabled":true},"in2DMode":false,"pivot":{"x":0.24620960652828217,"y":-0.1345108300447464,"z":43.354679107666019},"rotation":{"x":-0.061770230531692508,"y":-0.0023983907885849478,"z":0.00014768891560379416,"w":-0.9980913400650024},"size":4.253767967224121,"orthographic":false}